id,title,accuracy,recall_rate
1,阿图尔·叔本华,0.4,0.5
2,深度学习,0.8,0.6153846153846154
3,巴黎圣母院,0.3,0.42857142857142855
4,黑洞,0.2,0.2857142857142857
5,神经元,0.3,0.6
6,幸福,0.1,0.2
7,计算机科学,0.2,0.4
8,纳什均衡,0.5,1.0
9,奥卡姆剃刀,0.4,0.5
10,维克多雨果,0.4,0.5
11,total,0.36,0.5070422535211268
