id,title,accuracy,recall_rate
1,阿图尔·叔本华,0.6,0.75
2,深度学习,0.7,0.5384615384615384
3,巴黎圣母院,0.4,0.5714285714285714
4,黑洞,0.4,0.5714285714285714
5,神经元,0.4,0.8
6,幸福,0.3,0.6
7,计算机科学,0.4,0.8
8,纳什均衡,0.5555555555555556,1.0
9,奥卡姆剃刀,0.4,0.5
10,维克多雨果,0.5,0.625
11,total,0.46464646464646464,0.647887323943662
