id,title,accuracy,recall_rate
1,阿图尔·叔本华,0.4,0.5
2,深度学习,0.6,0.46153846153846156
3,巴黎圣母院,0.2,0.2857142857142857
4,黑洞,0.2,0.2857142857142857
5,神经元,0.3,0.6
6,外星人,0.5,0.5
7,计算机科学,0.3,0.6
8,纳什均衡,0.5555555555555556,1.0
9,奥卡姆剃刀,0.4,0.5
10,维克多雨果,0.6,0.75
11,total,0.40404040404040403,0.5263157894736842
