id,title,accuracy,recall_rate
1,阿图尔·叔本华,0.5,0.625
2,深度学习,0.6,0.46153846153846156
3,巴黎圣母院	圣母院,0.3,0.6
4,黑洞,0.2,0.2857142857142857
5,神经元,0.4,0.8
6,幸福,0.1,0.2
7,计算机科学,0.2,0.4
8,纳什均衡,0.625,1.0
9,奥卡姆剃刀,0.5,0.625
10,维克多雨果,0.4,0.5
11,total,0.37755102040816324,0.5362318840579711
